date,location,actual_temperature,predicted_temperature,residual,absolute_error
2025-08-29,Can Tho,26.65,26.95930274041361,-0.30930274041361017,0.30930274041361017
2025-08-30,Can Tho,26.24,26.540434614666946,-0.30043461466694765,0.30043461466694765
2025-08-31,Can Tho,26.51,26.556280810474053,-0.04628081047405175,0.04628081047405175
2025-09-01,Can Tho,26.2,26.441591865956234,-0.2415918659562344,0.2415918659562344
2025-09-02,Can Tho,26.04,26.426009636898407,-0.3860096368984074,0.3860096368984074
2025-09-03,Can Tho,26.81,26.476077017195756,0.3339229828042427,0.3339229828042427
2025-09-04,Can Tho,26.55,26.843396911900744,-0.2933969119007429,0.2933969119007429
2025-09-05,Can Tho,26.89,26.626492173325765,0.26350782667423545,0.26350782667423545
2025-09-06,Can Tho,27.29,26.92658331427287,0.3634166857271275,0.3634166857271275
2025-09-07,Can Tho,25.87,27.284300190551267,-1.4143001905512662,1.4143001905512662
2025-09-08,Can Tho,25.91,26.310819230040252,-0.400819230040252,0.400819230040252
2025-09-09,Can Tho,25.71,26.329914921186138,-0.6199149211861368,0.6199149211861368
2025-09-10,Can Tho,26.83,26.29163066130859,0.5383693386914068,0.5383693386914068
2025-09-11,Can Tho,26.68,26.95953542453375,-0.27953542453375135,0.27953542453375135
2025-09-12,Can Tho,26.08,26.86880757834141,-0.7888075783414124,0.7888075783414124
2025-09-13,Can Tho,25.64,26.47624354910725,-0.8362435491072482,0.8362435491072482
2025-09-14,Can Tho,25.71,25.929389046911204,-0.21938904691120342,0.21938904691120342
2025-09-15,Can Tho,26.62,26.235052736388603,0.38494726361139797,0.38494726361139797
2025-09-16,Can Tho,26.7,26.686164392898714,0.013835607101285063,0.013835607101285063
2025-09-17,Can Tho,26.51,26.750255080779752,-0.24025508077975033,0.24025508077975033
2025-09-18,Can Tho,26.29,26.592744151532102,-0.302744151532103,0.302744151532103
2025-09-19,Can Tho,26.4,26.501393074518088,-0.10139307451808932,0.10139307451808932
2025-09-20,Can Tho,27.8,26.26693996715996,1.5330600328400408,1.5330600328400408
2025-09-21,Can Tho,28.01,27.556420707299235,0.45357929270076625,0.45357929270076625
2025-09-22,Can Tho,26.67,27.396012059517293,-0.7260120595172914,0.7260120595172914
2025-09-23,Can Tho,27.59,26.354760562060083,1.2352394379399172,1.2352394379399172
2025-09-24,Can Tho,27.1,27.389753800510913,-0.28975380051091193,0.28975380051091193
2025-09-25,Can Tho,26.81,26.979953234365198,-0.16995323436519882,0.16995323436519882
2025-09-26,Can Tho,26.39,26.620105582361667,-0.23010558236166645,0.23010558236166645
2025-09-27,Can Tho,25.94,26.685217466239905,-0.7452174662399038,0.7452174662399038
2025-09-28,Can Tho,26.0,26.190888138419137,-0.19088813841913677,0.19088813841913677
2025-09-29,Can Tho,25.46,26.212014560484764,-0.7520145604847635,0.7520145604847635
2025-09-30,Can Tho,26.38,25.847168661178,0.5328313388219996,0.5328313388219996
2025-10-01,Can Tho,26.61,26.6278352498624,-0.017835249862400815,0.017835249862400815
2025-10-02,Can Tho,27.0,26.681120204011968,0.31887979598803184,0.31887979598803184
2025-10-03,Can Tho,26.09,27.0011385138283,-0.9111385138283019,0.9111385138283019
2025-10-04,Can Tho,26.97,26.525213242993942,0.44478675700605663,0.44478675700605663
2025-10-05,Can Tho,27.43,26.706036316663422,0.7239636833365779,0.7239636833365779
2025-10-06,Can Tho,27.76,27.430757013980607,0.32924298601939483,0.32924298601939483
2025-10-07,Can Tho,26.73,27.383970029174634,-0.6539700291746335,0.6539700291746335
2025-10-08,Can Tho,26.16,26.682848026331566,-0.522848026331566,0.522848026331566
2025-10-09,Can Tho,26.59,26.30548353819281,0.2845164618071898,0.2845164618071898
2025-10-10,Can Tho,26.42,26.751839008442545,-0.3318390084425431,0.3318390084425431
2025-10-11,Can Tho,26.34,26.510798248608122,-0.1707982486081221,0.1707982486081221
2025-10-12,Can Tho,26.61,26.497404951136758,0.11259504886324123,0.11259504886324123
2025-10-13,Can Tho,26.87,26.646393162509156,0.22360683749084487,0.22360683749084487
2025-10-14,Can Tho,26.95,26.90205005652734,0.04794994347265913,0.04794994347265913
2025-10-15,Can Tho,27.21,26.946507384327344,0.26349261567265714,0.26349261567265714
2025-10-16,Can Tho,27.2,27.11099376431082,0.08900623568917965,0.08900623568917965
2025-10-17,Can Tho,27.01,26.81002879819312,0.199971201806882,0.199971201806882
2025-10-18,Can Tho,26.2,26.848789111310097,-0.6487891113100979,0.6487891113100979
2025-10-19,Can Tho,27.1,26.603721704190274,0.49627829580972715,0.49627829580972715
2025-10-20,Can Tho,27.43,27.028061245465214,0.4019387545347861,0.4019387545347861
2025-10-21,Can Tho,27.26,27.089632696266154,0.17036730373384756,0.17036730373384756
2025-10-22,Can Tho,26.42,27.13361436319235,-0.7136143631923488,0.7136143631923488
2025-10-23,Can Tho,26.92,26.728082121495067,0.1919178785049347,0.1919178785049347
2025-10-24,Can Tho,26.49,26.74357201548853,-0.25357201548853325,0.25357201548853325
2025-10-25,Can Tho,25.94,26.754817617649227,-0.8148176176492257,0.8148176176492257
2025-10-26,Can Tho,26.33,26.397611338261505,-0.06761133826150711,0.06761133826150711
2025-10-27,Can Tho,26.75,26.590565496572086,0.15943450342791365,0.15943450342791365
2025-10-28,Can Tho,25.84,26.526941009981268,-0.6869410099812683,0.6869410099812683
2025-10-29,Can Tho,25.86,26.100672567801777,-0.24067256780177715,0.24067256780177715
2025-10-30,Can Tho,26.37,26.23550887558163,0.1344911244183713,0.1344911244183713
2025-10-31,Can Tho,26.18,26.636970796684356,-0.4569707966843559,0.4569707966843559
2025-11-01,Can Tho,26.55,26.54226771495531,0.007732285044689036,0.007732285044689036
2025-11-02,Can Tho,25.82,26.624539001135,-0.804539001134998,0.804539001134998
2025-11-03,Can Tho,25.67,26.16307300238327,-0.49307300238326945,0.49307300238326945
2025-11-04,Can Tho,26.34,25.994855370488725,0.34514462951127456,0.34514462951127456
2025-11-05,Can Tho,26.64,26.479678500183113,0.16032149981688804,0.16032149981688804
2025-11-06,Can Tho,26.16,26.640863608889717,-0.4808636088897167,0.4808636088897167
2025-11-07,Can Tho,25.99,26.35835113972605,-0.3683511397260517,0.3683511397260517
2025-11-08,Can Tho,26.38,26.38478905578626,-0.004789055786261542,0.004789055786261542
2025-11-09,Can Tho,26.51,26.665950352520575,-0.15595035252057343,0.15595035252057343
2025-11-10,Can Tho,26.33,26.756219118869975,-0.42621911886997665,0.42621911886997665
2025-11-11,Can Tho,26.99,26.60347254669188,0.3865274533081191,0.3865274533081191
2025-11-12,Can Tho,26.02,26.838946448942508,-0.8189464489425085,0.8189464489425085
2025-11-13,Can Tho,26.4,26.651874827481166,-0.2518748274811671,0.2518748274811671
2025-11-14,Can Tho,26.82,26.62327222324544,0.19672777675456032,0.19672777675456032
2025-11-15,Can Tho,26.21,26.640959797220372,-0.43095979722037114,0.43095979722037114
2025-11-16,Can Tho,25.23,26.05022086977952,-0.8202208697795186,0.8202208697795186
2025-11-17,Can Tho,25.43,25.69988547837782,-0.2698854783778195,0.2698854783778195
2025-11-18,Can Tho,25.8,25.88594741770622,-0.08594741770621894,0.08594741770621894
2025-11-19,Can Tho,25.45,26.174648308689438,-0.7246483086894386,0.7246483086894386
2025-11-20,Can Tho,25.42,25.69141111389427,-0.271411113894267,0.271411113894267
2025-11-21,Can Tho,26.22,25.35253724101922,0.8674627589807784,0.8674627589807784
2025-11-22,Can Tho,25.43,25.86956718540575,-0.4395671854057497,0.4395671854057497
2025-11-23,Can Tho,25.38,25.460507301007834,-0.08050730100783454,0.08050730100783454
2025-11-24,Can Tho,26.62,25.676726779609286,0.943273220390715,0.943273220390715
2025-11-25,Can Tho,26.27,26.67054238713955,-0.40054238713955215,0.40054238713955215
2025-11-26,Can Tho,26.06,26.15665418308497,-0.09665418308497209,0.09665418308497209
2025-11-27,Can Tho,25.48,25.783877669725356,-0.303877669725356,0.303877669725356
2025-11-28,Can Tho,23.63,25.103980444438612,-1.473980444438613,1.473980444438613
2025-11-29,Can Tho,25.07,24.28595159271605,0.7840484072839509,0.7840484072839509
2025-11-30,Can Tho,26.22,25.589075935217174,0.6309240647828247,0.6309240647828247
2025-12-01,Can Tho,27.24,26.4523661449335,0.787633855066499,0.787633855066499
2025-12-02,Can Tho,27.05,26.984795828485254,0.06520417151474689,0.06520417151474689
2025-12-03,Can Tho,25.78,26.80753605264018,-1.0275360526401798,1.0275360526401798
2025-12-04,Can Tho,26.09,25.928784228953024,0.16121577104697593,0.16121577104697593
2025-12-05,Can Tho,26.42,26.249375005239855,0.17062499476014636,0.17062499476014636
2025-12-06,Can Tho,25.96,26.410898026450674,-0.45089802645067323,0.45089802645067323
2025-12-07,Can Tho,25.78,26.023812194610947,-0.24381219461094616,0.24381219461094616
2025-12-08,Can Tho,24.91,25.708483931360174,-0.7984839313601739,0.7984839313601739
2025-12-09,Can Tho,25.79,24.93616399977129,0.8538360002287106,0.8538360002287106
2025-12-10,Can Tho,25.32,25.929311068120473,-0.6093110681204728,0.6093110681204728
2025-12-11,Can Tho,25.99,25.739413812853808,0.2505861871461903,0.2505861871461903
2025-12-12,Can Tho,26.63,26.030409204716857,0.5995907952831416,0.5995907952831416
2025-12-13,Can Tho,26.51,26.36016141312119,0.14983858687881124,0.14983858687881124
2025-12-14,Can Tho,26.55,26.663109791006928,-0.1131097910069272,0.1131097910069272
2025-12-15,Can Tho,26.32,26.57678610529992,-0.25678610529991985,0.25678610529991985
2025-12-16,Can Tho,26.27,26.43603860217507,-0.16603860217507105,0.16603860217507105
2025-12-17,Can Tho,26.09,26.320525673623756,-0.23052567362375598,0.23052567362375598
2025-12-18,Can Tho,26.07,26.43075808301176,-0.3607580830117598,0.3607580830117598
2025-12-19,Can Tho,26.36,26.346444234433857,0.013555765566142242,0.013555765566142242
2025-12-20,Can Tho,26.24,26.45403394668241,-0.21403394668241305,0.21403394668241305
2025-12-21,Can Tho,26.55,26.525086303248507,0.024913696751493575,0.024913696751493575
2025-12-22,Can Tho,26.49,26.79853837763544,-0.30853837763544334,0.30853837763544334
2025-12-23,Can Tho,26.32,26.80996076958283,-0.4899607695828294,0.4899607695828294
2025-12-24,Can Tho,26.29,26.504201387090564,-0.21420138709056502,0.21420138709056502
2025-12-25,Can Tho,25.9,26.550096139452638,-0.6500961394526392,0.6500961394526392
2025-12-26,Can Tho,25.99,26.05247184731119,-0.06247184731119049,0.06247184731119049
2025-12-27,Can Tho,25.05,26.146729119622492,-1.0967291196224913,1.0967291196224913
2025-12-28,Can Tho,25.93,25.595758497295193,0.33424150270480624,0.33424150270480624
2025-12-29,Can Tho,25.81,25.912861888863212,-0.10286188886321312,0.10286188886321312
2025-12-30,Can Tho,25.1,25.684493011585513,-0.5844930115855114,0.5844930115855114
2025-12-31,Can Tho,25.15,25.450796893776165,-0.30079689377616603,0.30079689377616603
2026-01-01,Can Tho,25.08,25.5751452652658,-0.49514526526580127,0.49514526526580127
2026-01-02,Can Tho,24.85,25.506175820864296,-0.6561758208642949,0.6561758208642949
2026-01-03,Can Tho,24.21,24.928025022675527,-0.7180250226755263,0.7180250226755263
2026-01-04,Can Tho,24.98,24.636258578904755,0.3437414210952454,0.3437414210952454
2026-01-05,Can Tho,25.45,25.456981402741565,-0.006981402741566001,0.006981402741566001
2026-01-06,Can Tho,24.85,25.660060888898673,-0.810060888898672,0.810060888898672
2026-01-07,Can Tho,24.48,24.63660955136968,-0.15660955136968013,0.15660955136968013
2026-01-08,Can Tho,23.81,24.216360449243737,-0.4063604492437385,0.4063604492437385
2026-01-09,Can Tho,22.19,23.96132551448553,-1.7713255144855289,1.7713255144855289
2026-01-10,Can Tho,22.99,22.60569131231513,0.38430868768486803,0.38430868768486803
2026-01-11,Can Tho,24.22,23.434138615538657,0.7858613844613416,0.7858613844613416
2026-01-12,Can Tho,24.93,24.254130735457355,0.6758692645426443,0.6758692645426443
2026-01-13,Can Tho,24.96,24.785268840530378,0.1747311594696228,0.1747311594696228
2026-01-14,Can Tho,25.11,24.856374207932586,0.25362579206741387,0.25362579206741387
2026-01-15,Can Tho,25.53,25.63510260343415,-0.10510260343414757,0.10510260343414757
2026-01-16,Can Tho,25.21,25.75613825018936,-0.5461382501893581,0.5461382501893581
2026-01-17,Can Tho,25.15,25.673659004157606,-0.5236590041576079,0.5236590041576079
2026-01-18,Can Tho,24.99,25.663784316886243,-0.6737843168862447,0.6737843168862447
2026-01-19,Can Tho,24.91,25.49022584305615,-0.5802258430561515,0.5802258430561515
2026-01-20,Can Tho,25.0,25.31421628597923,-0.31421628597923146,0.31421628597923146
2026-01-21,Can Tho,25.01,25.218903892901054,-0.20890389290105205,0.20890389290105205
2026-01-22,Can Tho,26.13,25.039739964435718,1.090260035564281,1.090260035564281
2025-08-29,Da Nang,26.05,27.912332357220098,-1.8623323572200974,1.8623323572200974
2025-08-30,Da Nang,27.42,27.14614595177183,0.27385404822816994,0.27385404822816994
2025-08-31,Da Nang,26.93,27.59259874155171,-0.6625987415517116,0.6625987415517116
2025-09-01,Da Nang,26.97,27.223944719063173,-0.25394471906317406,0.25394471906317406
2025-09-02,Da Nang,27.6,27.318073818016774,0.28192618198322705,0.28192618198322705
2025-09-03,Da Nang,27.98,27.666239162547978,0.31376083745202266,0.31376083745202266
2025-09-04,Da Nang,27.61,27.926192447062746,-0.31619244706274685,0.31619244706274685
2025-09-05,Da Nang,28.17,27.686955035267022,0.4830449647329793,0.4830449647329793
2025-09-06,Da Nang,27.18,27.964249011591697,-0.7842490115916974,0.7842490115916974
2025-09-07,Da Nang,27.48,27.196762545920695,0.28323745407930545,0.28323745407930545
2025-09-08,Da Nang,28.45,27.4762218597326,0.9737781402673988,0.9737781402673988
2025-09-09,Da Nang,29.01,28.06467734135147,0.9453226586485322,0.9453226586485322
2025-09-10,Da Nang,28.15,28.61802853499441,-0.46802853499441,0.46802853499441
2025-09-11,Da Nang,28.14,27.96773644138541,0.17226355861459197,0.17226355861459197
2025-09-12,Da Nang,28.24,28.064853829768012,0.17514617023198653,0.17514617023198653
2025-09-13,Da Nang,28.16,28.088434283033838,0.07156571696616254,0.07156571696616254
2025-09-14,Da Nang,27.48,28.086569567535157,-0.606569567535157,0.606569567535157
2025-09-15,Da Nang,27.64,27.65759199062118,-0.017591990621180997,0.017591990621180997
2025-09-16,Da Nang,27.79,28.025102237535865,-0.235102237535866,0.235102237535866
2025-09-17,Da Nang,26.39,27.392024655194223,-1.002024655194223,1.002024655194223
2025-09-18,Da Nang,26.56,26.70796736158966,-0.14796736158966084,0.14796736158966084
2025-09-19,Da Nang,27.12,26.64570274068145,0.4742972593185506,0.4742972593185506
2025-09-20,Da Nang,27.55,27.04772202607851,0.5022779739214904,0.5022779739214904
2025-09-21,Da Nang,28.2,27.640930147641303,0.5590698523586966,0.5590698523586966
2025-09-22,Da Nang,27.61,27.638523530237887,-0.02852353023788723,0.02852353023788723
2025-09-23,Da Nang,28.21,27.654700015845265,0.5552999841547361,0.5552999841547361
2025-09-24,Da Nang,28.46,27.74604553494709,0.713954465052911,0.713954465052911
2025-09-25,Da Nang,28.13,27.777574550237347,0.3524254497626522,0.3524254497626522
2025-09-26,Da Nang,26.71,27.878141140346575,-1.1681411403465738,1.1681411403465738
2025-09-27,Da Nang,25.52,26.711665416723367,-1.1916654167233673,1.1916654167233673
2025-09-28,Da Nang,25.29,25.753158273360626,-0.46315827336062654,0.46315827336062654
2025-09-29,Da Nang,28.09,25.606985203375046,2.4830147966249534,2.4830147966249534
2025-09-30,Da Nang,27.4,27.844766463209986,-0.44476646320998725,0.44476646320998725
2025-10-01,Da Nang,27.27,27.565804468489027,-0.29580446848902753,0.29580446848902753
2025-10-02,Da Nang,27.54,27.51108831371243,0.028911686287568017,0.028911686287568017
2025-10-03,Da Nang,27.79,27.6427273984349,0.14727260156509914,0.14727260156509914
2025-10-04,Da Nang,27.04,27.66174108114108,-0.6217410811410815,0.6217410811410815
2025-10-05,Da Nang,28.3,26.859417816423825,1.4405821835761756,1.4405821835761756
2025-10-06,Da Nang,28.3,27.497885812218826,0.802114187781175,0.802114187781175
2025-10-07,Da Nang,27.78,27.50819285180505,0.2718071481949522,0.2718071481949522
2025-10-08,Da Nang,27.38,27.42907084432725,-0.049070844327250285,0.049070844327250285
2025-10-09,Da Nang,25.68,27.469559163172562,-1.7895591631725623,1.7895591631725623
2025-10-10,Da Nang,25.99,26.24797112639323,-0.25797112639323316,0.25797112639323316
2025-10-11,Da Nang,26.5,26.292519405948628,0.20748059405137198,0.20748059405137198
2025-10-12,Da Nang,26.2,26.706478532026587,-0.5064785320265877,0.5064785320265877
2025-10-13,Da Nang,26.72,26.551358114369144,0.16864188563085492,0.16864188563085492
2025-10-14,Da Nang,26.75,26.73103953023353,0.018960469766469146,0.018960469766469146
2025-10-15,Da Nang,26.67,26.807820930243153,-0.13782093024315145,0.13782093024315145
2025-10-16,Da Nang,25.7,26.77524605391521,-1.0752460539152118,1.0752460539152118
2025-10-17,Da Nang,25.61,26.167039433358536,-0.5570394333585362,0.5570394333585362
2025-10-18,Da Nang,24.53,26.119249675352425,-1.5892496753524235,1.5892496753524235
2025-10-19,Da Nang,25.76,25.18944872278736,0.5705512772126404,0.5705512772126404
2025-10-20,Da Nang,26.99,26.380336161818,0.6096638381819979,0.6096638381819979
2025-10-21,Da Nang,26.08,26.410129512741786,-0.33012951274178803,0.33012951274178803
2025-10-22,Da Nang,24.58,25.626400304786372,-1.0464003047863741,1.0464003047863741
2025-10-23,Da Nang,24.49,24.913241399197204,-0.42324139919720594,0.42324139919720594
2025-10-24,Da Nang,25.09,25.083276696704147,0.006723303295853356,0.006723303295853356
2025-10-25,Da Nang,25.25,25.334362628760122,-0.0843626287601218,0.0843626287601218
2025-10-26,Da Nang,24.96,25.48866616672801,-0.5286661667280086,0.5286661667280086
2025-10-27,Da Nang,25.08,25.017891733185117,0.062108266814881574,0.062108266814881574
2025-10-28,Da Nang,24.98,25.60026006388219,-0.6202600638821885,0.6202600638821885
2025-10-29,Da Nang,25.16,25.070104117271615,0.08989588272838489,0.08989588272838489
2025-10-30,Da Nang,25.96,25.423563435730934,0.5364365642690672,0.5364365642690672
2025-10-31,Da Nang,25.53,25.77962557276058,-0.2496255727605785,0.2496255727605785
2025-11-01,Da Nang,25.26,25.28887340992343,-0.028873409923427573,0.028873409923427573
2025-11-02,Da Nang,25.04,25.44728985014171,-0.40728985014171215,0.40728985014171215
2025-11-03,Da Nang,25.04,25.361940100030687,-0.3219401000306874,0.3219401000306874
2025-11-04,Da Nang,24.87,25.38517500510112,-0.5151750051011206,0.5151750051011206
2025-11-05,Da Nang,25.15,24.549175642298632,0.6008243577013666,0.6008243577013666
2025-11-06,Da Nang,25.59,25.574239803864874,0.015760196135126137,0.015760196135126137
2025-11-07,Da Nang,27.2,25.571185194388942,1.6288148056110572,1.6288148056110572
2025-11-08,Da Nang,26.53,26.68340034459006,-0.15340034459005736,0.15340034459005736
2025-11-09,Da Nang,26.56,26.601442277877354,-0.04144227787735488,0.04144227787735488
2025-11-10,Da Nang,26.41,26.581812154107332,-0.1718121541073323,0.1718121541073323
2025-11-11,Da Nang,26.5,26.432748588077786,0.06725141192221429,0.06725141192221429
2025-11-12,Da Nang,25.02,26.183189157914523,-1.1631891579145233,1.1631891579145233
2025-11-13,Da Nang,23.96,24.97119524079678,-1.0111952407967806,1.0111952407967806
2025-11-14,Da Nang,23.95,23.828869782390584,0.12113021760941578,0.12113021760941578
2025-11-15,Da Nang,23.61,24.17137517911588,-0.5613751791158812,0.5613751791158812
2025-11-16,Da Nang,24.76,23.939905580075674,0.8200944199243274,0.8200944199243274
2025-11-17,Da Nang,24.59,24.394035980030893,0.19596401996910728,0.19596401996910728
2025-11-18,Da Nang,24.76,24.491540303783758,0.26845969621624377,0.26845969621624377
2025-11-19,Da Nang,21.26,24.032269900445268,-2.7722699004452664,2.7722699004452664
2025-11-20,Da Nang,21.15,20.488316479644368,0.6616835203556306,0.6616835203556306
2025-11-21,Da Nang,21.59,20.648273956056848,0.9417260439431523,0.9417260439431523
2025-11-22,Da Nang,22.51,21.45253182488263,1.0574681751173713,1.0574681751173713
2025-11-23,Da Nang,22.85,22.274124377681154,0.575875622318847,0.575875622318847
2025-11-24,Da Nang,23.64,22.816549883580482,0.8234501164195187,0.8234501164195187
2025-11-25,Da Nang,22.83,23.696681191553107,-0.8666811915531092,0.8666811915531092
2025-11-26,Da Nang,22.73,22.61007037509877,0.11992962490123205,0.11992962490123205
2025-11-27,Da Nang,21.44,22.488160404958816,-1.0481604049588142,1.0481604049588142
2025-11-28,Da Nang,21.62,20.887451350101138,0.7325486498988631,0.7325486498988631
2025-11-29,Da Nang,22.38,21.454506285700017,0.9254937142999822,0.9254937142999822
2025-11-30,Da Nang,23.74,23.222319200635976,0.5176807993640224,0.5176807993640224
2025-12-01,Da Nang,24.19,24.47458422172598,-0.28458422172597864,0.28458422172597864
2025-12-02,Da Nang,24.95,24.56849763302056,0.38150236697943996,0.38150236697943996
2025-12-03,Da Nang,23.99,24.67344974647084,-0.683449746470842,0.683449746470842
2025-12-04,Da Nang,24.11,23.81098815634872,0.29901184365127875,0.29901184365127875
2025-12-05,Da Nang,23.69,23.846825196954313,-0.15682519695431196,0.15682519695431196
2025-12-06,Da Nang,22.71,23.876344349735227,-1.1663443497352262,1.1663443497352262
2025-12-07,Da Nang,23.02,22.849175978478428,0.17082402152157172,0.17082402152157172
2025-12-08,Da Nang,22.25,22.994268308864342,-0.744268308864342,0.744268308864342
2025-12-09,Da Nang,23.11,22.461859241771307,0.648140758228692,0.648140758228692
2025-12-10,Da Nang,22.61,23.022058404659074,-0.4120584046590743,0.4120584046590743
2025-12-11,Da Nang,24.21,22.8986189933351,1.3113810066649023,1.3113810066649023
2025-12-12,Da Nang,24.16,23.963891422425608,0.19610857757439248,0.19610857757439248
2025-12-13,Da Nang,24.15,24.011784872586553,0.13821512741344577,0.13821512741344577
2025-12-14,Da Nang,23.06,24.09218421197266,-1.0321842119726625,1.0321842119726625
2025-12-15,Da Nang,22.64,22.384273144963913,0.2557268550360874,0.2557268550360874
2025-12-16,Da Nang,23.33,22.96944412679641,0.3605558732035874,0.3605558732035874
2025-12-17,Da Nang,23.1,23.77316127538268,-0.6731612753826788,0.6731612753826788
2025-12-18,Da Nang,22.96,22.923141177939716,0.036858822060285235,0.036858822060285235
2025-12-19,Da Nang,22.96,22.979844049969643,-0.01984404996964173,0.01984404996964173
2025-12-20,Da Nang,23.36,23.314196295297844,0.04580370470215556,0.04580370470215556
2025-12-21,Da Nang,23.39,23.779081745704843,-0.3890817457048428,0.3890817457048428
2025-12-22,Da Nang,23.33,23.65057154774921,-0.3205715477492106,0.3205715477492106
2025-12-23,Da Nang,23.58,24.005892826976513,-0.425892826976515,0.425892826976515
2025-12-24,Da Nang,23.95,24.11873038136055,-0.1687303813605503,0.1687303813605503
2025-12-25,Da Nang,22.2,24.212406309580942,-2.0124063095809426,2.0124063095809426
2025-12-26,Da Nang,20.45,21.23299600289931,-0.7829960028993099,0.7829960028993099
2025-12-27,Da Nang,20.91,20.155556652922243,0.754443347077757,0.754443347077757
2025-12-28,Da Nang,21.61,21.505483993534416,0.1045160064655839,0.1045160064655839
2025-12-29,Da Nang,22.26,21.942761799385256,0.31723820061474584,0.31723820061474584
2025-12-30,Da Nang,22.17,22.56107767105443,-0.39107767105442903,0.39107767105442903
2025-12-31,Da Nang,22.02,22.717091194442816,-0.697091194442816,0.697091194442816
2026-01-01,Da Nang,22.34,22.565463022247364,-0.22546302224736436,0.22546302224736436
2026-01-02,Da Nang,22.4,22.467187986121633,-0.06718798612163468,0.06718798612163468
2026-01-03,Da Nang,21.24,21.47174160675539,-0.23174160675539213,0.23174160675539213
2026-01-04,Da Nang,21.93,21.010395588333235,0.9196044116667643,0.9196044116667643
2026-01-05,Da Nang,22.01,22.009125178724783,0.0008748212752180962,0.0008748212752180962
2026-01-06,Da Nang,21.15,22.173164614641905,-1.0231646146419067,1.0231646146419067
2026-01-07,Da Nang,18.82,20.707833749828605,-1.887833749828605,1.887833749828605
2026-01-08,Da Nang,19.08,18.87871039414832,0.20128960585167732,0.20128960585167732
2026-01-09,Da Nang,19.29,19.904167045446382,-0.6141670454463828,0.6141670454463828
2026-01-10,Da Nang,20.05,19.963823463774787,0.0861765362252136,0.0861765362252136
2026-01-11,Da Nang,19.79,20.354100606313615,-0.564100606313616,0.564100606313616
2026-01-12,Da Nang,20.67,20.066160899386556,0.6038391006134454,0.6038391006134454
2026-01-13,Da Nang,20.53,21.03675959542908,-0.5067595954290773,0.5067595954290773
2026-01-14,Da Nang,21.12,20.607051546835514,0.512948453164487,0.512948453164487
2026-01-15,Da Nang,21.66,21.606258267378035,0.053741732621965355,0.053741732621965355
2026-01-16,Da Nang,22.01,22.201632603238263,-0.19163260323826137,0.19163260323826137
2026-01-17,Da Nang,22.01,22.48987754325869,-0.4798775432586879,0.4798775432586879
2026-01-18,Da Nang,21.68,22.640437155461935,-0.9604371554619355,0.9604371554619355
2026-01-19,Da Nang,22.19,22.2753917293899,-0.08539172938989736,0.08539172938989736
2026-01-20,Da Nang,22.09,22.667796628234164,-0.5777966282341644,0.5777966282341644
2026-01-21,Da Nang,21.88,22.284130360356865,-0.40413036035686645,0.40413036035686645
2026-01-22,Da Nang,21.91,21.78308879360019,0.1269112063998108,0.1269112063998108
2025-08-29,Hai Phong,26.82,27.71413137916004,-0.89413137916004,0.89413137916004
2025-08-30,Hai Phong,26.89,26.92003815400972,-0.030038154009719875,0.030038154009719875
2025-08-31,Hai Phong,27.1,27.031303005567743,0.06869699443225841,0.06869699443225841
2025-09-01,Hai Phong,27.34,26.989735925920495,0.35026407407950444,0.35026407407950444
2025-09-02,Hai Phong,28.22,27.429966354102124,0.790033645897875,0.790033645897875
2025-09-03,Hai Phong,28.64,28.175466855366864,0.4645331446331369,0.4645331446331369
2025-09-04,Hai Phong,28.97,28.41189251287368,0.5581074871263176,0.5581074871263176
2025-09-05,Hai Phong,29.46,28.910864357301197,0.5491356426988041,0.5491356426988041
2025-09-06,Hai Phong,28.96,29.360607198757116,-0.4006071987571147,0.4006071987571147
2025-09-07,Hai Phong,29.62,28.97235535438418,0.64764464561582,0.64764464561582
2025-09-08,Hai Phong,30.31,29.24971242944148,1.0602875705585184,1.0602875705585184
2025-09-09,Hai Phong,28.65,30.06842573594877,-1.418425735948773,1.418425735948773
2025-09-10,Hai Phong,28.51,28.25861330472117,0.25138669527883195,0.25138669527883195
2025-09-11,Hai Phong,27.71,27.933811617560288,-0.2238116175602869,0.2238116175602869
2025-09-12,Hai Phong,28.21,27.869087946166328,0.34091205383367296,0.34091205383367296
2025-09-13,Hai Phong,28.56,28.197035058760903,0.3629649412390954,0.3629649412390954
2025-09-14,Hai Phong,27.77,28.51174604653947,-0.7417460465394718,0.7417460465394718
2025-09-15,Hai Phong,26.88,28.121647823667132,-1.241647823667133,1.241647823667133
2025-09-16,Hai Phong,28.18,27.10677338481198,1.0732266151880197,1.0732266151880197
2025-09-17,Hai Phong,26.68,28.258796319744132,-1.5787963197441321,1.5787963197441321
2025-09-18,Hai Phong,27.19,26.645464878280936,0.5445351217190648,0.5445351217190648
2025-09-19,Hai Phong,28.08,27.277202824324107,0.8027971756758916,0.8027971756758916
2025-09-20,Hai Phong,29.49,28.086343914622958,1.4036560853770403,1.4036560853770403
2025-09-21,Hai Phong,28.21,29.397691061149473,-1.1876910611494722,1.1876910611494722
2025-09-22,Hai Phong,26.4,27.64181521574829,-1.241815215748293,1.241815215748293
2025-09-23,Hai Phong,28.19,26.74754645897116,1.44245354102884,1.44245354102884
2025-09-24,Hai Phong,29.12,28.10900984426522,1.0109901557347811,1.0109901557347811
2025-09-25,Hai Phong,25.38,29.07430840920517,-3.6943084092051706,3.6943084092051706
2025-09-26,Hai Phong,25.84,25.286165886360358,0.5538341136396419,0.5538341136396419
2025-09-27,Hai Phong,28.13,25.957896915013087,2.1721030849869116,2.1721030849869116
2025-09-28,Hai Phong,25.88,28.159803056894088,-2.279803056894089,2.279803056894089
2025-09-29,Hai Phong,25.31,26.00432990626291,-0.6943299062629116,0.6943299062629116
2025-09-30,Hai Phong,25.83,25.64986611396773,0.18013388603226943,0.18013388603226943
2025-10-01,Hai Phong,27.54,26.625466122309067,0.914533877690932,0.914533877690932
2025-10-02,Hai Phong,27.81,27.357325144110277,0.4526748558897218,0.4526748558897218
2025-10-03,Hai Phong,28.17,27.582351027254905,0.5876489727450966,0.5876489727450966
2025-10-04,Hai Phong,27.76,27.94246830628521,-0.18246830628520883,0.18246830628520883
2025-10-05,Hai Phong,29.03,27.592196653204052,1.437803346795949,1.437803346795949
2025-10-06,Hai Phong,25.32,28.94472985627117,-3.62472985627117,3.62472985627117
2025-10-07,Hai Phong,25.53,25.193653874622118,0.336346125377883,0.336346125377883
2025-10-08,Hai Phong,26.79,25.519848680763683,1.2701513192363159,1.2701513192363159
2025-10-09,Hai Phong,27.49,26.77292944186821,0.7170705581317875,0.7170705581317875
2025-10-10,Hai Phong,27.88,27.423479129375515,0.4565208706244839,0.4565208706244839
2025-10-11,Hai Phong,27.16,27.70094833991172,-0.5409483399117185,0.5409483399117185
2025-10-12,Hai Phong,28.18,27.198244191093995,0.981755808906005,0.981755808906005
2025-10-13,Hai Phong,26.2,27.701085560346513,-1.5010855603465139,1.5010855603465139
2025-10-14,Hai Phong,25.79,26.522602815680035,-0.7326028156800355,0.7326028156800355
2025-10-15,Hai Phong,26.09,26.228405113957944,-0.13840511395794408,0.13840511395794408
2025-10-16,Hai Phong,27.03,26.419156366537052,0.6108436334629488,0.6108436334629488
2025-10-17,Hai Phong,27.29,26.745773052396554,0.5442269476034447,0.5442269476034447
2025-10-18,Hai Phong,27.34,27.427546595115405,-0.08754659511540552,0.08754659511540552
2025-10-19,Hai Phong,26.8,27.333910167757075,-0.5339101677570746,0.5339101677570746
2025-10-20,Hai Phong,25.3,26.357928410437236,-1.0579284104372348,1.0579284104372348
2025-10-21,Hai Phong,23.1,24.66682754051504,-1.566827540515039,1.566827540515039
2025-10-22,Hai Phong,20.73,22.484588097111867,-1.754588097111867,1.754588097111867
2025-10-23,Hai Phong,18.92,20.879098625524794,-1.959098625524792,1.959098625524792
2025-10-24,Hai Phong,21.15,19.380244881752233,1.7697551182477653,1.7697551182477653
2025-10-25,Hai Phong,23.36,21.813719875214655,1.5462801247853442,1.5462801247853442
2025-10-26,Hai Phong,24.04,23.983724428654856,0.05627557134514305,0.05627557134514305
2025-10-27,Hai Phong,23.8,23.99793733613608,-0.19793733613607856,0.19793733613607856
2025-10-28,Hai Phong,23.4,24.004368760185884,-0.6043687601858849,0.6043687601858849
2025-10-29,Hai Phong,24.56,23.705715906168567,0.8542840938314313,0.8542840938314313
2025-10-30,Hai Phong,23.29,23.72163869755244,-0.4316386975524402,0.4316386975524402
2025-10-31,Hai Phong,23.58,23.062465419253954,0.5175345807460445,0.5175345807460445
2025-11-01,Hai Phong,21.94,23.657603918703416,-1.7176039187034142,1.7176039187034142
2025-11-02,Hai Phong,21.38,22.134775245653042,-0.7547752456530432,0.7547752456530432
2025-11-03,Hai Phong,18.93,21.778619519744957,-2.8486195197449575,2.8486195197449575
2025-11-04,Hai Phong,18.72,19.360040527895304,-0.6400405278953052,0.6400405278953052
2025-11-05,Hai Phong,20.95,20.242309403351634,0.7076905966483658,0.7076905966483658
2025-11-06,Hai Phong,23.12,21.914934272005947,1.2050657279940538,1.2050657279940538
2025-11-07,Hai Phong,24.7,23.50107068187704,1.1989293181229606,1.1989293181229606
2025-11-08,Hai Phong,25.97,24.495001768615367,1.4749982313846317,1.4749982313846317
2025-11-09,Hai Phong,25.34,25.506496702529503,-0.16649670252950344,0.16649670252950344
2025-11-10,Hai Phong,24.56,25.120175462290987,-0.5601754622909887,0.5601754622909887
2025-11-11,Hai Phong,22.62,24.177088520686834,-1.5570885206868326,1.5570885206868326
2025-11-12,Hai Phong,22.09,23.267954534566737,-1.1779545345667373,1.1779545345667373
2025-11-13,Hai Phong,21.25,22.6126242357071,-1.3626242357070986,1.3626242357070986
2025-11-14,Hai Phong,21.3,21.985285783337748,-0.685285783337747,0.685285783337747
2025-11-15,Hai Phong,23.14,22.00902952819583,1.1309704718041722,1.1309704718041722
2025-11-16,Hai Phong,22.93,22.915789848007183,0.014210151992816833,0.014210151992816833
2025-11-17,Hai Phong,23.94,22.715286080361857,1.2247139196381447,1.2247139196381447
2025-11-18,Hai Phong,15.51,23.701544012474457,-8.191544012474457,8.191544012474457
2025-11-19,Hai Phong,14.29,14.77620662948162,-0.48620662948162163,0.48620662948162163
2025-11-20,Hai Phong,17.5,15.08694659661417,2.4130534033858293,2.4130534033858293
2025-11-21,Hai Phong,18.47,17.94953318051359,0.5204668194864084,0.5204668194864084
2025-11-22,Hai Phong,19.32,19.52705480029774,-0.20705480029774037,0.20705480029774037
2025-11-23,Hai Phong,20.21,19.77546298206695,0.43453701793304944,0.43453701793304944
2025-11-24,Hai Phong,20.73,20.842620025554083,-0.11262002555408301,0.11262002555408301
2025-11-25,Hai Phong,18.76,21.412489886420758,-2.6524898864207564,2.6524898864207564
2025-11-26,Hai Phong,17.82,18.44178986373834,-0.6217898637383392,0.6217898637383392
2025-11-27,Hai Phong,17.42,18.433281313421272,-1.0132813134212704,1.0132813134212704
2025-11-28,Hai Phong,17.53,16.62553243451379,0.9044675654862111,0.9044675654862111
2025-11-29,Hai Phong,19.17,17.917737837580372,1.2522621624196297,1.2522621624196297
2025-11-30,Hai Phong,21.37,19.936703095751866,1.4332969042481345,1.4332969042481345
2025-12-01,Hai Phong,21.11,22.068269831740327,-0.9582698317403278,0.9582698317403278
2025-12-02,Hai Phong,22.53,21.71858688437723,0.81141311562277,0.81141311562277
2025-12-03,Hai Phong,20.79,22.717970795821834,-1.9279707958218353,1.9279707958218353
2025-12-04,Hai Phong,21.21,21.045994689603052,0.16400531039694854,0.16400531039694854
2025-12-05,Hai Phong,20.7,21.436890275041854,-0.7368902750418549,0.7368902750418549
2025-12-06,Hai Phong,20.76,21.27270566447441,-0.5127056644744101,0.5127056644744101
2025-12-07,Hai Phong,21.16,21.37537156129001,-0.21537156129000934,0.21537156129000934
2025-12-08,Hai Phong,20.77,21.50381338074807,-0.7338133807480709,0.7338133807480709
2025-12-09,Hai Phong,20.7,21.403605441715136,-0.703605441715137,0.703605441715137
2025-12-10,Hai Phong,21.87,21.253869504604864,0.6161304953951365,0.6161304953951365
2025-12-11,Hai Phong,20.92,21.87618059422604,-0.9561805942260371,0.9561805942260371
2025-12-12,Hai Phong,22.51,21.46849463625726,1.0415053637427398,1.0415053637427398
2025-12-13,Hai Phong,18.76,22.549313456035716,-3.789313456035714,3.789313456035714
2025-12-14,Hai Phong,17.26,17.852258297005285,-0.5922582970052837,0.5922582970052837
2025-12-15,Hai Phong,18.33,17.317735185206953,1.0122648147930455,1.0122648147930455
2025-12-16,Hai Phong,20.09,20.13605442802296,-0.046054428022959115,0.046054428022959115
2025-12-17,Hai Phong,20.05,20.448456379406192,-0.3984563794061913,0.3984563794061913
2025-12-18,Hai Phong,19.93,19.60493990341143,0.3250600965885688,0.3250600965885688
2025-12-19,Hai Phong,20.81,20.63267531243524,0.1773246875647594,0.1773246875647594
2025-12-20,Hai Phong,20.97,21.649887556139674,-0.6798875561396756,0.6798875561396756
2025-12-21,Hai Phong,21.97,21.505037438278947,0.46496256172105177,0.46496256172105177
2025-12-22,Hai Phong,21.64,21.916491899414225,-0.2764918994142249,0.2764918994142249
2025-12-23,Hai Phong,22.03,21.564099400864023,0.4659005991359777,0.4659005991359777
2025-12-24,Hai Phong,21.23,22.265623081842918,-1.0356230818429175,1.0356230818429175
2025-12-25,Hai Phong,15.98,20.56626760218539,-4.586267602185391,4.586267602185391
2025-12-26,Hai Phong,15.63,16.01473787314723,-0.3847378731472286,0.3847378731472286
2025-12-27,Hai Phong,17.21,16.384171431565946,0.8258285684340549,0.8258285684340549
2025-12-28,Hai Phong,18.66,17.886451839107323,0.7735481608926769,0.7735481608926769
2025-12-29,Hai Phong,19.72,20.369571353778664,-0.6495713537786649,0.6495713537786649
2025-12-30,Hai Phong,20.07,21.020050710249503,-0.9500507102495028,0.9500507102495028
2025-12-31,Hai Phong,20.57,20.87571958820376,-0.3057195882037611,0.3057195882037611
2026-01-01,Hai Phong,19.88,20.883788372860796,-1.0037883728607966,1.0037883728607966
2026-01-02,Hai Phong,16.6,19.72142458385826,-3.121424583858257,3.121424583858257
2026-01-03,Hai Phong,16.05,16.473445973393222,-0.4234459733932212,0.4234459733932212
2026-01-04,Hai Phong,17.94,15.985364247557998,1.9546357524420035,1.9546357524420035
2026-01-05,Hai Phong,16.28,19.347313776966498,-3.067313776966497,3.067313776966497
2026-01-06,Hai Phong,13.35,17.239771095426757,-3.8897710954267577,3.8897710954267577
2026-01-07,Hai Phong,14.62,14.6229292209794,-0.002929220979400071,0.002929220979400071
2026-01-08,Hai Phong,15.05,16.88101157814709,-1.8310115781470877,1.8310115781470877
2026-01-09,Hai Phong,15.61,17.298696787199727,-1.6886967871997278,1.6886967871997278
2026-01-10,Hai Phong,16.14,17.504409091986446,-1.3644090919864453,1.3644090919864453
2026-01-11,Hai Phong,17.0,17.606315213788193,-0.6063152137881929,0.6063152137881929
2026-01-12,Hai Phong,17.83,17.82304058136996,0.006959418630039238,0.006959418630039238
2026-01-13,Hai Phong,18.26,18.726667867867416,-0.46666786786741454,0.46666786786741454
2026-01-14,Hai Phong,19.59,19.05874388736263,0.5312561126373687,0.5312561126373687
2026-01-15,Hai Phong,19.97,19.526583437844828,0.44341656215517133,0.44341656215517133
2026-01-16,Hai Phong,20.45,20.0169045599172,0.43309544008279843,0.43309544008279843
2026-01-17,Hai Phong,18.93,19.904920501526338,-0.9749205015263378,0.9749205015263378
2026-01-18,Hai Phong,20.32,18.796160641197037,1.523839358802963,1.523839358802963
2026-01-19,Hai Phong,21.01,19.976359576616193,1.0336404233838081,1.0336404233838081
2026-01-20,Hai Phong,20.62,21.01150237077465,-0.3915023707746492,0.3915023707746492
2026-01-21,Hai Phong,16.07,20.376128841534285,-4.306128841534285,4.306128841534285
2026-01-22,Hai Phong,11.99,15.566506480940793,-3.576506480940793,3.576506480940793
2025-08-29,Hanoi,26.82,27.13949554201431,-0.31949554201430885,0.31949554201430885
2025-08-30,Hanoi,26.26,26.913319126009302,-0.6533191260093005,0.6533191260093005
2025-08-31,Hanoi,26.25,26.677802014802015,-0.4278020148020154,0.4278020148020154
2025-09-01,Hanoi,27.17,26.657014705655193,0.5129852943448086,0.5129852943448086
2025-09-02,Hanoi,28.1,27.268710772397544,0.8312892276024577,0.8312892276024577
2025-09-03,Hanoi,28.76,28.038749807390328,0.7212501926096735,0.7212501926096735
2025-09-04,Hanoi,29.2,28.743923388264644,0.4560766117353552,0.4560766117353552
2025-09-05,Hanoi,29.6,29.001492292446116,0.5985077075538854,0.5985077075538854
2025-09-06,Hanoi,29.04,29.144923922420453,-0.10492392242045412,0.10492392242045412
2025-09-07,Hanoi,29.91,29.158713423145482,0.7512865768545183,0.7512865768545183
2025-09-08,Hanoi,30.6,29.92254215562216,0.677457844377841,0.677457844377841
2025-09-09,Hanoi,27.96,30.052782252771298,-2.092782252771297,2.092782252771297
2025-09-10,Hanoi,27.99,27.555391561956267,0.43460843804373184,0.43460843804373184
2025-09-11,Hanoi,27.2,27.83025638275123,-0.6302563827512309,0.6302563827512309
2025-09-12,Hanoi,27.11,27.33105289595574,-0.22105289595574007,0.22105289595574007
2025-09-13,Hanoi,28.49,27.410667987899988,1.0793320121000107,1.0793320121000107
2025-09-14,Hanoi,27.97,28.284011154266707,-0.31401115426670856,0.31401115426670856
2025-09-15,Hanoi,26.98,28.043673450923436,-1.0636734509234351,1.0636734509234351
2025-09-16,Hanoi,28.02,27.062786396842476,0.9572136031575234,0.9572136031575234
2025-09-17,Hanoi,26.7,28.169450310939066,-1.4694503109390666,1.4694503109390666
2025-09-18,Hanoi,26.8,26.72467291672362,0.07532708327638105,0.07532708327638105
2025-09-19,Hanoi,27.91,26.9646436279196,0.9453563720804006,0.9453563720804006
2025-09-20,Hanoi,29.77,27.960974751359757,1.8090252486402427,1.8090252486402427
2025-09-21,Hanoi,28.25,29.510952192408094,-1.2609521924080944,1.2609521924080944
2025-09-22,Hanoi,26.74,27.836415643759832,-1.0964156437598334,1.0964156437598334
2025-09-23,Hanoi,28.16,26.95233337650034,1.2076666234996587,1.2076666234996587
2025-09-24,Hanoi,29.15,28.08443648985818,1.0655635101418177,1.0655635101418177
2025-09-25,Hanoi,25.3,29.284261551920302,-3.9842615519203015,3.9842615519203015
2025-09-26,Hanoi,25.56,25.390852138857873,0.16914786114212532,0.16914786114212532
2025-09-27,Hanoi,27.44,25.379197519702515,2.060802480297486,2.060802480297486
2025-09-28,Hanoi,26.19,27.70556646551976,-1.5155664655197576,1.5155664655197576
2025-09-29,Hanoi,24.49,26.2989186877407,-1.8089186877407002,1.8089186877407002
2025-09-30,Hanoi,25.25,24.939973450960796,0.310026549039204,0.310026549039204
2025-10-01,Hanoi,26.75,25.756774001749886,0.9932259982501144,0.9932259982501144
2025-10-02,Hanoi,27.89,26.814975040017174,1.0750249599828265,1.0750249599828265
2025-10-03,Hanoi,28.06,27.651398175800804,0.4086018241991951,0.4086018241991951
2025-10-04,Hanoi,27.71,27.87111013666887,-0.16111013666887075,0.16111013666887075
2025-10-05,Hanoi,29.1,27.534607070258176,1.5653929297418259,1.5653929297418259
2025-10-06,Hanoi,24.68,28.963494591181046,-4.2834945911810465,4.2834945911810465
2025-10-07,Hanoi,24.25,25.28187099553225,-1.0318709955322483,1.0318709955322483
2025-10-08,Hanoi,26.48,24.947570562712155,1.5324294372878455,1.5324294372878455
2025-10-09,Hanoi,27.23,26.55135693582561,0.6786430641743912,0.6786430641743912
2025-10-10,Hanoi,27.64,26.695591358918854,0.9444086410811465,0.9444086410811465
2025-10-11,Hanoi,26.33,27.42390330724014,-1.09390330724014,1.09390330724014
2025-10-12,Hanoi,27.7,26.799703432678434,0.9002965673215648,0.9002965673215648
2025-10-13,Hanoi,26.13,27.525541348020734,-1.3955413480207355,1.3955413480207355
2025-10-14,Hanoi,25.1,26.229681523528082,-1.129681523528081,1.129681523528081
2025-10-15,Hanoi,25.56,25.934734707500546,-0.37473470750054716,0.37473470750054716
2025-10-16,Hanoi,26.22,26.26280776418028,-0.04280776418028154,0.04280776418028154
2025-10-17,Hanoi,27.34,26.52515959081451,0.8148404091854893,0.8148404091854893
2025-10-18,Hanoi,27.33,27.321239617221014,0.008760382778984166,0.008760382778984166
2025-10-19,Hanoi,26.12,27.34849409180603,-1.2284940918060308,1.2284940918060308
2025-10-20,Hanoi,25.48,26.61519917590907,-1.1351991759090687,1.1351991759090687
2025-10-21,Hanoi,23.99,24.80978906066156,-0.819789060661563,0.819789060661563
2025-10-22,Hanoi,21.97,23.79205493087666,-1.8220549308766607,1.8220549308766607
2025-10-23,Hanoi,19.41,21.00870721432677,-1.5987072143267689,1.5987072143267689
2025-10-24,Hanoi,20.36,18.304156586607828,2.0558434133921715,2.0558434133921715
2025-10-25,Hanoi,22.51,21.04520887911323,1.4647911208867725,1.4647911208867725
2025-10-26,Hanoi,24.05,23.2996803852112,0.7503196147888005,0.7503196147888005
2025-10-27,Hanoi,23.56,23.772113206376957,-0.21211320637695863,0.21211320637695863
2025-10-28,Hanoi,23.36,23.68472764840551,-0.32472764840550994,0.32472764840550994
2025-10-29,Hanoi,24.47,23.84848739248454,0.6215126075154593,0.6215126075154593
2025-10-30,Hanoi,23.69,23.984262413281158,-0.29426241328115665,0.29426241328115665
2025-10-31,Hanoi,23.24,23.702132122768873,-0.4621321227688746,0.4621321227688746
2025-11-01,Hanoi,20.4,22.91814205406522,-2.5181420540652226,2.5181420540652226
2025-11-02,Hanoi,20.31,19.782165486253938,0.5278345137460612,0.5278345137460612
2025-11-03,Hanoi,18.94,20.301767359584854,-1.361767359584853,1.361767359584853
2025-11-04,Hanoi,19.7,19.02856752448789,0.671432475512109,0.671432475512109
2025-11-05,Hanoi,20.95,20.39558630387414,0.5544136961258594,0.5544136961258594
2025-11-06,Hanoi,22.44,21.992879401157843,0.44712059884215805,0.44712059884215805
2025-11-07,Hanoi,23.54,23.280059248217395,0.25994075178260445,0.25994075178260445
2025-11-08,Hanoi,24.96,23.796697552371953,1.1633024476280482,1.1633024476280482
2025-11-09,Hanoi,24.61,24.513585197971953,0.09641480202804686,0.09641480202804686
2025-11-10,Hanoi,24.23,24.394522557981237,-0.16452255798123616,0.16452255798123616
2025-11-11,Hanoi,22.46,24.21486269013666,-1.7548626901366582,1.7548626901366582
2025-11-12,Hanoi,22.0,23.048146725470527,-1.0481467254705272,1.0481467254705272
2025-11-13,Hanoi,21.33,22.265975350890937,-0.9359753508909385,0.9359753508909385
2025-11-14,Hanoi,20.56,21.898523506692825,-1.3385235066928267,1.3385235066928267
2025-11-15,Hanoi,22.17,21.263718183813083,0.9062818161869188,0.9062818161869188
2025-11-16,Hanoi,22.49,22.834256311053927,-0.34425631105392895,0.34425631105392895
2025-11-17,Hanoi,22.61,22.671368657012927,-0.061368657012927486,0.061368657012927486
2025-11-18,Hanoi,15.46,22.523591106230374,-7.063591106230373,7.063591106230373
2025-11-19,Hanoi,14.75,14.75805374875124,-0.008053748751240875,0.008053748751240875
2025-11-20,Hanoi,17.42,15.406975110322678,2.0130248896773235,2.0130248896773235
2025-11-21,Hanoi,18.04,17.404000374136952,0.6359996258630467,0.6359996258630467
2025-11-22,Hanoi,20.13,19.481530013124136,0.6484699868758632,0.6484699868758632
2025-11-23,Hanoi,19.76,20.11221440592045,-0.3522144059204493,0.3522144059204493
2025-11-24,Hanoi,20.54,20.349552366920147,0.19044763307985235,0.19044763307985235
2025-11-25,Hanoi,18.25,20.406120276388123,-2.1561202763881226,2.1561202763881226
2025-11-26,Hanoi,17.91,18.227277341432217,-0.31727734143221653,0.31727734143221653
2025-11-27,Hanoi,17.46,18.21653342798155,-0.7565334279815481,0.7565334279815481
2025-11-28,Hanoi,16.85,16.699149943138206,0.15085005686179542,0.15085005686179542
2025-11-29,Hanoi,17.34,17.071752855058595,0.2682471449414052,0.2682471449414052
2025-11-30,Hanoi,19.71,17.70148963691193,2.008510363088071,2.008510363088071
2025-12-01,Hanoi,20.52,20.52349582666475,-0.0034958266647500125,0.0034958266647500125
2025-12-02,Hanoi,22.63,20.52969399968882,2.1003060003111784,2.1003060003111784
2025-12-03,Hanoi,20.88,22.917049178664474,-2.037049178664475,2.037049178664475
2025-12-04,Hanoi,20.39,20.529875983314067,-0.1398759833140666,0.1398759833140666
2025-12-05,Hanoi,19.16,20.04971931091913,-0.8897193109191299,0.8897193109191299
2025-12-06,Hanoi,20.24,19.209086125884784,1.030913874115214,1.030913874115214
2025-12-07,Hanoi,21.39,20.911634988954546,0.4783650110454545,0.4783650110454545
2025-12-08,Hanoi,20.54,21.378940332983998,-0.8389403329839986,0.8389403329839986
2025-12-09,Hanoi,20.46,20.584957053502045,-0.12495705350204389,0.12495705350204389
2025-12-10,Hanoi,21.94,20.552022820962144,1.3879771790378577,1.3879771790378577
2025-12-11,Hanoi,21.35,22.06560768460599,-0.7156076846059882,0.7156076846059882
2025-12-12,Hanoi,21.98,21.482327028676938,0.49767297132306254,0.49767297132306254
2025-12-13,Hanoi,19.66,22.154078000943418,-2.494078000943418,2.494078000943418
2025-12-14,Hanoi,17.1,18.490281668902984,-1.3902816689029827,1.3902816689029827
2025-12-15,Hanoi,18.26,17.01968097614374,1.2403190238562622,1.2403190238562622
2025-12-16,Hanoi,19.74,20.33593329782147,-0.5959332978214711,0.5959332978214711
2025-12-17,Hanoi,19.96,20.766870756884156,-0.8068707568841553,0.8068707568841553
2025-12-18,Hanoi,19.85,19.99064179131111,-0.14064179131110777,0.14064179131110777
2025-12-19,Hanoi,20.95,19.973061309752342,0.9769386902476569,0.9769386902476569
2025-12-20,Hanoi,21.33,21.464547133874035,-0.13454713387403672,0.13454713387403672
2025-12-21,Hanoi,21.29,21.18943454078129,0.10056545921871063,0.10056545921871063
2025-12-22,Hanoi,21.74,21.207000782550775,0.5329992174492233,0.5329992174492233
2025-12-23,Hanoi,22.54,21.54484119227478,0.9951588077252183,0.9951588077252183
2025-12-24,Hanoi,21.3,22.445115526765548,-1.1451155267655473,1.1451155267655473
2025-12-25,Hanoi,16.59,19.390107199602514,-2.8001071996025146,2.8001071996025146
2025-12-26,Hanoi,15.43,15.619686172177488,-0.1896861721774883,0.1896861721774883
2025-12-27,Hanoi,15.94,16.487486789402553,-0.5474867894025532,0.5474867894025532
2025-12-28,Hanoi,18.38,17.45380481431838,0.9261951856816175,0.9261951856816175
2025-12-29,Hanoi,20.01,20.326902096498287,-0.3169020964982856,0.3169020964982856
2025-12-30,Hanoi,20.28,21.083906989540388,-0.803906989540387,0.803906989540387
2025-12-31,Hanoi,20.63,20.80264940480872,-0.1726494048087197,0.1726494048087197
2026-01-01,Hanoi,18.71,20.853408299364034,-2.143408299364033,2.143408299364033
2026-01-02,Hanoi,15.27,17.56028132302338,-2.290281323023379,2.290281323023379
2026-01-03,Hanoi,16.37,15.054329462177831,1.3156705378221698,1.3156705378221698
2026-01-04,Hanoi,17.92,17.096812368366933,0.8231876316330684,0.8231876316330684
2026-01-05,Hanoi,15.0,19.606149688281707,-4.6061496882817075,4.6061496882817075
2026-01-06,Hanoi,13.14,14.912371824994755,-1.7723718249947549,1.7723718249947549
2026-01-07,Hanoi,14.23,14.43659390472187,-0.20659390472186878,0.20659390472186878
2026-01-08,Hanoi,14.55,16.928596219420843,-2.3785962194208423,2.3785962194208423
2026-01-09,Hanoi,14.83,17.138896348235104,-2.3088963482351037,2.3088963482351037
2026-01-10,Hanoi,15.97,17.51171701430879,-1.541717014308789,1.541717014308789
2026-01-11,Hanoi,16.63,17.820918266985004,-1.1909182669850047,1.1909182669850047
2026-01-12,Hanoi,17.54,17.85213611077519,-0.3121361107751923,0.3121361107751923
2026-01-13,Hanoi,17.95,18.34952503620562,-0.3995250362056204,0.3995250362056204
2026-01-14,Hanoi,19.5,19.16030123404373,0.33969876595627113,0.33969876595627113
2026-01-15,Hanoi,19.53,19.787666406542805,-0.2576664065428034,0.2576664065428034
2026-01-16,Hanoi,21.33,19.74923129406756,1.5807687059324387,1.5807687059324387
2026-01-17,Hanoi,19.71,21.06426752522632,-1.3542675252263194,1.3542675252263194
2026-01-18,Hanoi,20.98,18.881309444907515,2.0986905550924853,2.0986905550924853
2026-01-19,Hanoi,21.82,21.725747518607125,0.0942524813928749,0.0942524813928749
2026-01-20,Hanoi,21.37,21.31984872854269,0.050151271457309576,0.050151271457309576
2026-01-21,Hanoi,14.16,20.23010547379092,-6.070105473790921,6.070105473790921
2026-01-22,Hanoi,10.89,13.784331738261745,-2.8943317382617444,2.8943317382617444
2025-08-29,Ho Chi Minh City,26.63,26.566951945913573,0.06304805408642622,0.06304805408642622
2025-08-30,Ho Chi Minh City,26.55,26.402371234873332,0.14762876512666878,0.14762876512666878
2025-08-31,Ho Chi Minh City,26.8,26.67869995033972,0.12130004966028096,0.12130004966028096
2025-09-01,Ho Chi Minh City,26.43,26.759585552747904,-0.32958555274790413,0.32958555274790413
2025-09-02,Ho Chi Minh City,25.75,26.48903721343687,-0.7390372134368697,0.7390372134368697
2025-09-03,Ho Chi Minh City,26.26,26.0974921640631,0.16250783593689988,0.16250783593689988
2025-09-04,Ho Chi Minh City,26.84,26.375177951437486,0.46482204856251386,0.46482204856251386
2025-09-05,Ho Chi Minh City,26.64,27.066352611832603,-0.426352611832602,0.426352611832602
2025-09-06,Ho Chi Minh City,26.93,26.461094958209,0.46890504179100034,0.46890504179100034
2025-09-07,Ho Chi Minh City,25.59,26.863180408867443,-1.273180408867443,1.273180408867443
2025-09-08,Ho Chi Minh City,26.44,26.10425312586922,0.3357468741307805,0.3357468741307805
2025-09-09,Ho Chi Minh City,26.38,26.679522902049026,-0.2995229020490271,0.2995229020490271
2025-09-10,Ho Chi Minh City,26.91,26.490921672233316,0.41907832776668386,0.41907832776668386
2025-09-11,Ho Chi Minh City,26.51,26.980715783383275,-0.47071578338327313,0.47071578338327313
2025-09-12,Ho Chi Minh City,26.76,26.70106927302139,0.05893072697861257,0.05893072697861257
2025-09-13,Ho Chi Minh City,26.5,26.67566976469249,-0.17566976469248985,0.17566976469248985
2025-09-14,Ho Chi Minh City,25.99,26.75534832968479,-0.7653483296847909,0.7653483296847909
2025-09-15,Ho Chi Minh City,26.68,26.285601823469598,0.39439817653040166,0.39439817653040166
2025-09-16,Ho Chi Minh City,26.43,26.861235064385447,-0.43123506438544723,0.43123506438544723
2025-09-17,Ho Chi Minh City,26.58,26.714935895560046,-0.13493589556004792,0.13493589556004792
2025-09-18,Ho Chi Minh City,26.72,26.756390574450712,-0.036390574450713586,0.036390574450713586
2025-09-19,Ho Chi Minh City,26.69,26.80568305843479,-0.1156830584347901,0.1156830584347901
2025-09-20,Ho Chi Minh City,27.82,26.54807864603263,1.2719213539673717,1.2719213539673717
2025-09-21,Ho Chi Minh City,27.24,27.579311522456305,-0.33931152245630614,0.33931152245630614
2025-09-22,Ho Chi Minh City,24.78,26.91955066720045,-2.1395506672004494,2.1395506672004494
2025-09-23,Ho Chi Minh City,26.31,25.73591849722989,0.5740815027701096,0.5740815027701096
2025-09-24,Ho Chi Minh City,27.18,26.53677911840638,0.6432208815936207,0.6432208815936207
2025-09-25,Ho Chi Minh City,26.91,27.10224744603693,-0.19224744603693011,0.19224744603693011
2025-09-26,Ho Chi Minh City,26.13,26.74315612144562,-0.6131561214456198,0.6131561214456198
2025-09-27,Ho Chi Minh City,25.58,26.44515984262155,-0.8651598426215514,0.8651598426215514
2025-09-28,Ho Chi Minh City,26.11,26.03219699521076,0.07780300478923863,0.07780300478923863
2025-09-29,Ho Chi Minh City,26.02,26.4085932562672,-0.38859325626719965,0.38859325626719965
2025-09-30,Ho Chi Minh City,26.37,26.396631631726976,-0.026631631726974803,0.026631631726974803
2025-10-01,Ho Chi Minh City,26.59,26.553985433029126,0.036014566970873574,0.036014566970873574
2025-10-02,Ho Chi Minh City,27.79,26.679994489118187,1.1100055108818125,1.1100055108818125
2025-10-03,Ho Chi Minh City,26.68,27.434436139740466,-0.7544361397404664,0.7544361397404664
2025-10-04,Ho Chi Minh City,27.6,26.605561944242968,0.9944380557570334,0.9944380557570334
2025-10-05,Ho Chi Minh City,27.41,27.389683909350467,0.020316090649533436,0.020316090649533436
2025-10-06,Ho Chi Minh City,27.4,27.499168295573103,-0.09916829557310436,0.09916829557310436
2025-10-07,Ho Chi Minh City,26.96,27.263853920152066,-0.3038539201520649,0.3038539201520649
2025-10-08,Ho Chi Minh City,26.58,26.65833684550915,-0.07833684550915265,0.07833684550915265
2025-10-09,Ho Chi Minh City,26.48,26.702818744835895,-0.22281874483589448,0.22281874483589448
2025-10-10,Ho Chi Minh City,26.59,26.716280042975004,-0.1262800429750044,0.1262800429750044
2025-10-11,Ho Chi Minh City,26.39,26.718275424484844,-0.32827542448484337,0.32827542448484337
2025-10-12,Ho Chi Minh City,26.87,26.52388930393684,0.34611069606316036,0.34611069606316036
2025-10-13,Ho Chi Minh City,26.36,26.700392619709195,-0.34039261970919554,0.34039261970919554
2025-10-14,Ho Chi Minh City,27.31,26.470920777068923,0.8390792229310762,0.8390792229310762
2025-10-15,Ho Chi Minh City,27.58,27.282127653852072,0.29787234614792624,0.29787234614792624
2025-10-16,Ho Chi Minh City,27.81,27.35216887984991,0.45783112015008953,0.45783112015008953
2025-10-17,Ho Chi Minh City,27.51,27.445946578127757,0.06405342187224505,0.06405342187224505
2025-10-18,Ho Chi Minh City,26.66,27.415252660656346,-0.7552526606563461,0.7552526606563461
2025-10-19,Ho Chi Minh City,28.09,26.620122033275877,1.4698779667241233,1.4698779667241233
2025-10-20,Ho Chi Minh City,27.96,27.757682580746053,0.20231741925394786,0.20231741925394786
2025-10-21,Ho Chi Minh City,27.73,27.43058553539761,0.2994144646023891,0.2994144646023891
2025-10-22,Ho Chi Minh City,26.93,27.40216461186037,-0.4721646118603715,0.4721646118603715
2025-10-23,Ho Chi Minh City,26.99,26.758388416889417,0.23161158311058117,0.23161158311058117
2025-10-24,Ho Chi Minh City,26.88,26.770396008880763,0.10960399111923635,0.10960399111923635
2025-10-25,Ho Chi Minh City,25.85,26.747351219691176,-0.8973512196911742,0.8973512196911742
2025-10-26,Ho Chi Minh City,26.29,26.351558632251486,-0.0615586322514865,0.0615586322514865
2025-10-27,Ho Chi Minh City,26.36,26.627455819686805,-0.26745581968680554,0.26745581968680554
2025-10-28,Ho Chi Minh City,25.7,26.587058349346034,-0.8870583493460344,0.8870583493460344
2025-10-29,Ho Chi Minh City,26.12,26.1893909081851,-0.06939090818509897,0.06939090818509897
2025-10-30,Ho Chi Minh City,26.14,26.3981569649131,-0.25815696491309836,0.25815696491309836
2025-10-31,Ho Chi Minh City,27.19,26.598273393976793,0.591726606023208,0.591726606023208
2025-11-01,Ho Chi Minh City,25.9,26.9377924215041,-1.0377924215041006,1.0377924215041006
2025-11-02,Ho Chi Minh City,26.6,26.21235570501909,0.38764429498091246,0.38764429498091246
2025-11-03,Ho Chi Minh City,26.11,26.177832120042275,-0.06783212004227579,0.06783212004227579
2025-11-04,Ho Chi Minh City,26.55,26.38238698968382,0.16761301031618103,0.16761301031618103
2025-11-05,Ho Chi Minh City,26.21,26.609229393063888,-0.3992293930638873,0.3992293930638873
2025-11-06,Ho Chi Minh City,25.95,26.20366395243012,-0.2536639524301201,0.2536639524301201
2025-11-07,Ho Chi Minh City,26.25,26.255949061417404,-0.0059490614174038114,0.0059490614174038114
2025-11-08,Ho Chi Minh City,27.09,26.48883257328485,0.6011674267151506,0.6011674267151506
2025-11-09,Ho Chi Minh City,27.0,27.03400981343412,-0.03400981343412113,0.03400981343412113
2025-11-10,Ho Chi Minh City,26.71,26.964193415294247,-0.254193415294246,0.254193415294246
2025-11-11,Ho Chi Minh City,27.2,26.552643121656416,0.647356878343583,0.647356878343583
2025-11-12,Ho Chi Minh City,26.2,26.942825735913697,-0.7428257359136978,0.7428257359136978
2025-11-13,Ho Chi Minh City,26.74,26.574546556335825,0.16545344366417325,0.16545344366417325
2025-11-14,Ho Chi Minh City,26.3,26.638245854423346,-0.3382458544233451,0.3382458544233451
2025-11-15,Ho Chi Minh City,26.47,25.865970406354048,0.6040295936459508,0.6040295936459508
2025-11-16,Ho Chi Minh City,24.99,26.240159992760514,-1.2501599927605156,1.2501599927605156
2025-11-17,Ho Chi Minh City,25.85,25.64674385225884,0.20325614774116119,0.20325614774116119
2025-11-18,Ho Chi Minh City,25.74,26.367309790029402,-0.627309790029404,0.627309790029404
2025-11-19,Ho Chi Minh City,25.17,26.328316470161617,-1.1583164701616155,1.1583164701616155
2025-11-20,Ho Chi Minh City,25.45,25.759838880433293,-0.30983888043329344,0.30983888043329344
2025-11-21,Ho Chi Minh City,25.83,25.74256525938673,0.0874347406132685,0.0874347406132685
2025-11-22,Ho Chi Minh City,25.12,25.87302999940161,-0.7530299994016083,0.7530299994016083
2025-11-23,Ho Chi Minh City,26.11,25.29161276999147,0.8183872300085291,0.8183872300085291
2025-11-24,Ho Chi Minh City,27.15,26.407452234668927,0.7425477653310715,0.7425477653310715
2025-11-25,Ho Chi Minh City,26.43,26.98934238428841,-0.55934238428841,0.55934238428841
2025-11-26,Ho Chi Minh City,26.0,25.91215348339422,0.08784651660577936,0.08784651660577936
2025-11-27,Ho Chi Minh City,25.19,25.64986964820439,-0.45986964820438914,0.45986964820438914
2025-11-28,Ho Chi Minh City,24.6,24.890120792540802,-0.2901207925408009,0.2901207925408009
2025-11-29,Ho Chi Minh City,26.58,24.784031153367795,1.7959688466322028,1.7959688466322028
2025-11-30,Ho Chi Minh City,28.44,26.295766305271542,2.1442336947284595,2.1442336947284595
2025-12-01,Ho Chi Minh City,29.38,28.145297616778645,1.2347023832213537,1.2347023832213537
2025-12-02,Ho Chi Minh City,27.66,28.781148169583687,-1.1211481695836873,1.1211481695836873
2025-12-03,Ho Chi Minh City,26.33,27.007342071735465,-0.6773420717354668,0.6773420717354668
2025-12-04,Ho Chi Minh City,26.22,26.101529605908798,0.11847039409120086,0.11847039409120086
2025-12-05,Ho Chi Minh City,26.65,26.515924334905286,0.1340756650947128,0.1340756650947128
2025-12-06,Ho Chi Minh City,26.06,26.509822128337348,-0.4498221283373489,0.4498221283373489
2025-12-07,Ho Chi Minh City,25.68,26.390602576239125,-0.7106025762391255,0.7106025762391255
2025-12-08,Ho Chi Minh City,25.91,25.823552884637284,0.08644711536271643,0.08644711536271643
2025-12-09,Ho Chi Minh City,27.37,25.566989803529808,1.8030101964701934,1.8030101964701934
2025-12-10,Ho Chi Minh City,25.69,26.954727137165527,-1.2647271371655258,1.2647271371655258
2025-12-11,Ho Chi Minh City,26.73,26.218923851426343,0.5110761485736575,0.5110761485736575
2025-12-12,Ho Chi Minh City,27.31,26.84294640368619,0.46705359631380716,0.46705359631380716
2025-12-13,Ho Chi Minh City,26.94,27.326080756007833,-0.3860807560078321,0.3860807560078321
2025-12-14,Ho Chi Minh City,27.63,26.66926242467743,0.9607375753225682,0.9607375753225682
2025-12-15,Ho Chi Minh City,27.9,27.50392183234093,0.3960781676590699,0.3960781676590699
2025-12-16,Ho Chi Minh City,27.85,27.348118479412737,0.5018815205872649,0.5018815205872649
2025-12-17,Ho Chi Minh City,27.84,27.376418622064207,0.46358137793579246,0.46358137793579246
2025-12-18,Ho Chi Minh City,27.81,27.248037766268826,0.5619622337311725,0.5619622337311725
2025-12-19,Ho Chi Minh City,28.18,27.411995536612082,0.7680044633879177,0.7680044633879177
2025-12-20,Ho Chi Minh City,28.16,27.75703662377526,0.40296337622474,0.40296337622474
2025-12-21,Ho Chi Minh City,28.51,27.77521829381403,0.73478170618597,0.73478170618597
2025-12-22,Ho Chi Minh City,28.55,28.20531693813539,0.34468306186461106,0.34468306186461106
2025-12-23,Ho Chi Minh City,27.99,28.093404196293896,-0.10340419629389785,0.10340419629389785
2025-12-24,Ho Chi Minh City,27.99,27.871368441003433,0.11863155899656519,0.11863155899656519
2025-12-25,Ho Chi Minh City,26.04,27.891201854909788,-1.8512018549097888,1.8512018549097888
2025-12-26,Ho Chi Minh City,25.96,26.574435983444673,-0.6144359834446718,0.6144359834446718
2025-12-27,Ho Chi Minh City,25.62,26.44255429596548,-0.8225542959654781,0.8225542959654781
2025-12-28,Ho Chi Minh City,26.06,26.007044547535802,0.05295545246419664,0.05295545246419664
2025-12-29,Ho Chi Minh City,25.83,26.60854505594895,-0.7785450559489533,0.7785450559489533
2025-12-30,Ho Chi Minh City,25.29,25.90387818383973,-0.6138781838397307,0.6138781838397307
2025-12-31,Ho Chi Minh City,25.51,25.665083523192504,-0.15508352319250207,0.15508352319250207
2026-01-01,Ho Chi Minh City,25.69,25.91833017426761,-0.22833017426760804,0.22833017426760804
2026-01-02,Ho Chi Minh City,25.89,25.990150625434083,-0.10015062543408249,0.10015062543408249
2026-01-03,Ho Chi Minh City,25.49,25.441119719243176,0.048880280756822714,0.048880280756822714
2026-01-04,Ho Chi Minh City,27.04,25.533660968359133,1.5063390316408665,1.5063390316408665
2026-01-05,Ho Chi Minh City,27.08,26.956871390725283,0.12312860927471547,0.12312860927471547
2026-01-06,Ho Chi Minh City,25.44,27.073628290472467,-1.6336282904724655,1.6336282904724655
2026-01-07,Ho Chi Minh City,25.58,25.52908899948091,0.05091100051908981,0.05091100051908981
2026-01-08,Ho Chi Minh City,24.59,25.574162549672536,-0.9841625496725364,0.9841625496725364
2026-01-09,Ho Chi Minh City,24.0,21.08280151371504,2.91719848628496,2.91719848628496
2026-01-10,Ho Chi Minh City,25.14,21.184234327012856,3.9557656729871447,3.9557656729871447
2026-01-11,Ho Chi Minh City,26.39,24.08374994764222,2.306250052357779,2.306250052357779
2026-01-12,Ho Chi Minh City,26.92,26.3910383669272,0.5289616330728002,0.5289616330728002
2026-01-13,Ho Chi Minh City,25.85,26.92367074453323,-1.0736707445332279,1.0736707445332279
2026-01-14,Ho Chi Minh City,26.28,25.891544035972203,0.3884559640277985,0.3884559640277985
2026-01-15,Ho Chi Minh City,26.6,26.375586541677272,0.2244134583227293,0.2244134583227293
2026-01-16,Ho Chi Minh City,26.6,26.518473419985806,0.0815265800141951,0.0815265800141951
2026-01-17,Ho Chi Minh City,26.62,26.558986594883873,0.06101340511612818,0.06101340511612818
2026-01-18,Ho Chi Minh City,26.48,26.818918518409713,-0.338918518409713,0.338918518409713
2026-01-19,Ho Chi Minh City,26.21,26.743146657142994,-0.5331466571429928,0.5331466571429928
2026-01-20,Ho Chi Minh City,26.53,26.518755947059475,0.011244052940526217,0.011244052940526217
2026-01-21,Ho Chi Minh City,26.71,26.374620810578318,0.3353791894216833,0.3353791894216833
2026-01-22,Ho Chi Minh City,28.81,26.28249860694861,2.527501393051388,2.527501393051388
